<?xml version="1.0" encoding="UTF-8"?>
<root>
  <item name="com.dimelo.dimelosdk.utilities.DMXZoomageView.DMXAutoResetMode">
    <annotation name="androidx.annotation.IntDef">
      <val name="value" val="{com.dimelo.dimelosdk.utilities.DMXZoomageView.DMXAutoResetMode.NEVER, com.dimelo.dimelosdk.utilities.DMXZoomageView.DMXAutoResetMode.UNDER, com.dimelo.dimelosdk.utilities.DMXZoomageView.DMXAutoResetMode.OVER, com.dimelo.dimelosdk.utilities.DMXZoomageView.DMXAutoResetMode.ALWAYS}" />
    </annotation>
  </item>
  <item name="com.dimelo.dimelosdk.utilities.DMXZoomageView.DMXAutoResetMode.Parser int fromInt(int)">
    <annotation name="androidx.annotation.IntDef">
      <val name="value" val="{com.dimelo.dimelosdk.utilities.DMXZoomageView.DMXAutoResetMode.NEVER, com.dimelo.dimelosdk.utilities.DMXZoomageView.DMXAutoResetMode.UNDER, com.dimelo.dimelosdk.utilities.DMXZoomageView.DMXAutoResetMode.OVER, com.dimelo.dimelosdk.utilities.DMXZoomageView.DMXAutoResetMode.ALWAYS}" />
    </annotation>
  </item>
  <item name="com.dimelo.dimelosdk.utilities.DMXZoomageView.DMXZoomageView autoResetMode">
    <annotation name="androidx.annotation.IntDef">
      <val name="value" val="{com.dimelo.dimelosdk.utilities.DMXZoomageView.DMXAutoResetMode.NEVER, com.dimelo.dimelosdk.utilities.DMXZoomageView.DMXAutoResetMode.UNDER, com.dimelo.dimelosdk.utilities.DMXZoomageView.DMXAutoResetMode.OVER, com.dimelo.dimelosdk.utilities.DMXZoomageView.DMXAutoResetMode.ALWAYS}" />
    </annotation>
  </item>
  <item name="com.dimelo.dimelosdk.utilities.DMXZoomageView.DMXZoomageView int getAutoResetMode()">
    <annotation name="androidx.annotation.IntDef">
      <val name="value" val="{com.dimelo.dimelosdk.utilities.DMXZoomageView.DMXAutoResetMode.NEVER, com.dimelo.dimelosdk.utilities.DMXZoomageView.DMXAutoResetMode.UNDER, com.dimelo.dimelosdk.utilities.DMXZoomageView.DMXAutoResetMode.OVER, com.dimelo.dimelosdk.utilities.DMXZoomageView.DMXAutoResetMode.ALWAYS}" />
    </annotation>
  </item>
  <item name="com.dimelo.dimelosdk.utilities.DMXZoomageView.DMXZoomageView void setAutoResetMode(int) 0">
    <annotation name="androidx.annotation.IntDef">
      <val name="value" val="{com.dimelo.dimelosdk.utilities.DMXZoomageView.DMXAutoResetMode.NEVER, com.dimelo.dimelosdk.utilities.DMXZoomageView.DMXAutoResetMode.UNDER, com.dimelo.dimelosdk.utilities.DMXZoomageView.DMXAutoResetMode.OVER, com.dimelo.dimelosdk.utilities.DMXZoomageView.DMXAutoResetMode.ALWAYS}" />
    </annotation>
  </item>
</root>

